,Chen_disulfide_Chen_disulfide_liver_intravenous,Sanofi_goods_Sanofi_goods_muscle_intramuscular,Chen_disulfide_Chen_disulfide_generic_cell_in_vitro,He_4CR_aldehyde_He_4CR_aldehyde_spleen_intravenous,Li_enzyme_catalyzed_Li_enzyme_catalyzed_generic_cell_in_vitro,He_4CR_aldehyde_He_4CR_aldehyde_liver_intravenous,Yan_aza_michael_Yan_aza_michael_generic_cell_in_vitro
0,,0.8830720535428078,0.04877290147703622,0.3062977490557418,,0.8360989857800268,0.009653187691520765
1,,0.7725861188615559,0.18655778016759134,0.32615282260590883,0.18842175900941607,0.9137303167470129,0.14222201879249877
2,,0.732472232524116,,0.49104227359030794,0.2504987987331452,0.8395852310800539,0.6305864896461058
3,,0.561142792596047,0.8327342050405578,0.6122670691457628,0.1383889388653008,0.5819912939982691,0.2116370505329005
4,,0.5133975033249327,0.7459508907569632,0.4675897705947749,0.2698233785877058,0.34566881938662697,0.3780529674470981
