,Chen_disulfide_Chen_disulfide_liver_intravenous,Sanofi_goods_Sanofi_goods_muscle_intramuscular,Chen_disulfide_Chen_disulfide_generic_cell_in_vitro,He_4CR_aldehyde_He_4CR_aldehyde_spleen_intravenous,Li_enzyme_catalyzed_Li_enzyme_catalyzed_generic_cell_in_vitro,He_4CR_aldehyde_He_4CR_aldehyde_liver_intravenous,Yan_aza_michael_Yan_aza_michael_generic_cell_in_vitro
0,,4.694515745766347e-18,0.8209553564386993,0.021680923128916504,,1.0643748972067777e-15,0.9668745957658302
1,,3.1188597482500606e-11,0.489056401524557,0.2767887920934331,0.3779212643831448,4.931379908215787e-06,0.5385719320794012
2,,1.7187887061400376e-07,,0.0005302214584700488,0.2377551038173812,3.0833660886936726e-13,0.002179698006115958
3,,0.00037041499003553604,6.234751850866851e-05,0.019942952127424637,0.5190005238157253,0.029000311586424393,0.3570772402568727
4,,0.0013636049137030184,0.0009065757777862501,0.0677990743401773,0.20227337552286026,0.18972790888281915,0.1826059497453086
