,Chen_disulfide_Chen_disulfide_liver_intravenous,Sanofi_goods_Sanofi_goods_muscle_intramuscular,Chen_disulfide_Chen_disulfide_generic_cell_in_vitro,He_4CR_aldehyde_He_4CR_aldehyde_spleen_intravenous,Li_enzyme_catalyzed_Li_enzyme_catalyzed_generic_cell_in_vitro,He_4CR_aldehyde_He_4CR_aldehyde_liver_intravenous,Yan_aza_michael_Yan_aza_michael_generic_cell_in_vitro
0,,0.5506484497360759,1.0058660342561365,1.079160651323001,0.7594425461114543,0.7283613125952235,1.4209392841405362
1,,0.9426398633672992,1.2562242060587685,0.4269483041762579,0.5050967635347595,0.4948714861166625,0.8062765233331316
2,,0.8510237816780689,,0.801062774014655,1.245325220897486,0.8122850774064898,0.7911846365746813
3,,0.9260109140669447,0.7027588471543884,0.9276323136641508,2.018498101903381,0.7807891150292513,1.0821393993516197
4,,0.8094468077508258,0.8312547522161955,0.5124311819960775,1.0297906639805625,0.9374650465372909,1.0005449306064835
